<component name="ProjectCodeStyleConfiguration">
  <code_scheme name="Project" version="173">
    <JetCodeStyleSettings>
      <option name="CODE_STYLE_DEFAULTS" value="KOTLIN_OFFICIAL" />
    </JetCodeStyleSettings>
    <codeStyleSettings language="XML">
      <option name="FORCE_REARRANGE_MODE" value="1" />
      <indentOptions>
        <option name="CONTINUATION_INDENT_SIZE" value="4" />
      </indentOptions>
      <arrangement>
        <rules>
          <section>
            <rule>
              <match>
                <AND>
                  <NAME>xmlns:android</NAME>
                  <XML_ATTRIBUTE />
                  <XML_NAMESPACE>^$</XML_NAMESPACE>
                </AND>
              </match>
            </rule>
          </section>
          <section>
            <rule>
              <match>
                <AND>
                  <NAME>xmlns:.*</NAME>
                  <XML_ATTRIBUTE />
                  <XML_NAMESPACE>^$</XML_NAMESPACE>
                </AND>
              </match>
              <order>BY_NAME</order>
            </rule>
          </section>
          <section>
            <rule>
              <match>
                <AND>
                  <NAME>.*:id</NAME>
                  <XML_ATTRIBUTE />
                  <XML_NAMESPACE>http://schemas.android.com/apk/res/android</XML_NAMESPACE>
                </AND>
              </match>
            </rule>
          </section>
          <section>
            <rule>
              <match>
                <AND>
                  <NAME>.*:name</NAME>
                  <XML_ATTRIBUTE />
                  <XML_NAMESPACE>http://schemas.android.com/apk/res/android</XML_NAMESPACE>
                </AND>
              </match>
            </rule>
          </section>
          <section>
            <rule>
              <match>
                <AND>
                  <NAME>name</NAME>
                  <XML_ATTRIBUTE />
                  <XML_NAMESPACE>^$</XML_NAMESPACE>
                </AND>
              </match>
            </rule>
          </section>
          <section>
            <rule>
              <match>
                <AND>
                  <NAME>style</NAME>
                  <XML_ATTRIBUTE />
                  <XML_NAMESPACE>^$</XML_NAMESPACE>
                </AND>
              </match>
            </rule>
          </section>
          <section>
            <rule>
              <match>
                <AND>
                  <NAME>.*</NAME>
                  <XML_ATTRIBUTE />
                  <XML_NAMESPACE>^$</XML_NAMESPACE>
                </AND>
              </match>
              <order>BY_NAME</order>
            </rule>
          </section>
          <section>
            <rule>
              <match>
                <AND>
                  <NAME>.*</NAME>
                  <XML_ATTRIBUTE />
                  <XML_NAMESPACE>http://schemas.android.com/apk/res/android</XML_NAMESPACE>
                </AND>
              </match>
              <order>ANDROID_ATTRIBUTE_ORDER</order>
            </rule>
          </section>
          <section>
            <rule>
              <match>
                <AND>
                  <NAME>.*</NAME>
                  <XML_ATTRIBUTE />
                  <XML_NAMESPACE>.*</XML_NAMESPACE>
                </AND>
              </match>
              <order>BY_NAME</order>
            </rule>
          </section>
        </rules>
      </arrangement>
    </codeStyleSettings>
    <codeStyleSettings language="kotlin">
      <option name="CODE_STYLE_DEFAULTS" value="KOTLIN_OFFICIAL" />
    </codeStyleSettings>
  </code_scheme>
</component>