<?xml version="1.0" encoding="UTF-8"?>
<project version="4">
  <component name="GradleMigrationSettings" migrationVersion="1" />
  <component name="GradleSettings">
    <option name="linkedExternalProjectsSettings">
      <GradleProjectSettings>
        <option name="testRunner" value="GRADLE" />
        <option name="distributionType" value="DEFAULT_WRAPPED" />
        <option name="externalProjectPath" value="$PROJECT_DIR$" />
        <option name="gradleHome" value="$PROJECT_DIR$/../../../../Program Files/Gradle Thingy/gradle-6.6-all/gradle-6.6" />
        <option name="gradleJvm" value="jbr-17" />
        <option name="modules">
          <set>
            <option value="$PROJECT_DIR$" />
            <option value="$PROJECT_DIR$/app" />
          </set>
        </option>
      </GradleProjectSettings>
    </option>
  </component>
</project>